Wordÿ,Scrabble? Pointsÿ,Words With Friends? Pointsÿ
jazz,29,31
zizz,31,31
buzz,24,26
fuzz,25,26
bazz,24,25
fizz,25,25
hajj,21,24
juju,18,24
quiz,22,23
jeez,20,22
razz,22,22
tizz,22,22
jeux,18,21
jinx,18,21
jack,17,20
jock,17,20
jump,15,20
jamb,15,19
jibb,15,19
jiff,17,19
jimp,15,19
jivy,17,19
joky,18,19
juku,15,19
junk,15,19
cazh,18,18
chez,18,18
cozy,18,18
fozy,19,18
jauk,15,18
jink,15,18
jouk,15,18
juke,15,18
mazy,18,18
phiz,18,18
qoph,18,18
whiz,19,18
zonk,17,18
zouk,17,18
zyme,18,18
cinq,15,17
fuji,14,17
futz,16,17
fuze,16,17
hazy,19,17
jagg,13,17
jake,15,17
jaup,13,17
java,14,17
jerk,15,17
jive,14,17
joke,15,17
jook,15,17
jowl,14,17
juba,13,17
jube,13,17
juco,13,17
judy,15,17
jupe,13,17
koji,15,17
puja,13,17
putz,15,17
quip,15,17
yuzu,16,17
zebu,15,17
zeks,17,17
zerk,17,17
zinc,15,17
bize,15,16
boxy,16,16
bozo,15,16
czar,15,16
dozy,17,16
faze,16,16
flux,14,16
foxy,17,16
friz,16,16
hadj,15,16
jabs,13,16
jams,13,16
jape,13,16
jaws,14,16
jeep,13,16
jefe,14,16
jehu,14,16
jibe,13,16
jibs,13,16
jobs,13,16
john,14,16
jows,14,16
juga,12,16
jugs,12,16
jury,14,16
lazy,16,16
maze,15,16
meze,15,16
mojo,13,16
mozo,15,16
pixy,16,16
poxy,16,16
prez,15,16
quag,14,16
quay,16,16
quey,16,16
waxy,17,16
yutz,16,16
zany,16,16
zaps,15,16
zarf,16,16
zeps,15,16
zing,14,16
zips,15,16
zoic,15,16
zoom,15,16
brux,13,15
buck,12,15
calx,13,15
crux,13,15
djin,12,15
falx,14,15
faux,14,15
flax,14,15
flex,14,15
gaze,14,15
geez,14,15
goji,12,15
griz,14,15
haji,14,15
haze,16,15
hmmm,13,15
jags,12,15
jays,14,15
jell,11,15
jigs,12,15
jill,11,15
jinn,11,15
joey,14,15
jogs,12,15
josh,14,15
joys,14,15
judo,12,15
keck,14,15
kick,14,15
lutz,13,15
lynx,14,15
minx,13,15
muck,12,15
oozy,16,15
oyez,16,15
plex,13,15
puck,12,15
quad,14,15
quid,14,15
quin,13,15
quod,14,15
sizy,16,15
vext,14,15
zags,14,15
zigs,14,15
zill,13,15
adze,14,14
apex,13,14
aqua,13,14
azan,13,14
azon,13,14
back,12,14
bawk,13,14
beck,12,14
bock,12,14
buff,12,14
bumf,11,14
bump,10,14
coax,13,14
cock,12,14
coxa,13,14
cuff,12,14
daze,14,14
dexy,15,14
ditz,14,14
dojo,12,14
doxy,15,14
doze,14,14
exam,13,14
exec,13,14
expo,13,14
feck,13,14
fixt,14,14
guck,11,14
huck,13,14
ibex,13,14
jade,12,14
jail,11,14
jane,11,14
jarl,11,14
jean,11,14
jeed,12,14
jeon,11,14
jilt,11,14
jins,11,14
jird,12,14
join,11,14
jole,11,14
jolt,11,14
jura,11,14
just,11,14
jute,11,14
juts,11,14
kemp,12,14
kyak,15,14
laze,13,14
mack,12,14
maxi,13,14
mixt,13,14
mock,12,14
moxa,13,14
muff,12,14
mumm,10,14
mump,10,14
nazi,13,14
nixy,14,14
onyx,14,14
ouzo,13,14
oxic,13,14
oxim,13,14
pack,12,14
peck,12,14
pick,12,14
pock,12,14
prex,13,14
puff,12,14
pump,10,14
qadi,14,14
qaid,14,14
quai,13,14
quit,13,14
soju,11,14
suqs,13,14
vamp,11,14
viff,13,14
wack,13,14
wick,13,14
wych,15,14
yuck,13,14
zeal,13,14
zeda,14,14
zeds,14,14
zein,13,14
zine,13,14
zins,13,14
zona,13,14
zone,13,14
zoon,13,14
ajar,11,13
ajee,11,13
ajis,11,13
baff,12,13
bevy,12,13
bibb,10,13
biff,12,13
boff,12,13
bomb,10,13
bulk,10,13
bunk,10,13
caff,12,13
caky,13,13
camp,10,13
cavy,12,13
chub,11,13
chum,11,13
cobb,10,13
coff,12,13
coky,13,13
comb,10,13
comm,10,13
comp,10,13
cwms,11,13
doux,12,13
duck,11,13
faff,13,13
fumy,12,13
funk,11,13
fyke,14,13
gawk,12,13
geck,11,13
gowk,12,13
guff,11,13
hack,13,13
hawk,14,13
heck,13,13
hick,13,13
hoax,14,13
hock,13,13
howk,14,13
huff,13,13
hump,11,13
icky,13,13
izar,13,13
jars,11,13
jato,11,13
jeer,11,
jees,11,13
jess,11,13
jest,11,13
jete,11,13
jets,11,13
jiao,11,13
joes,11,13
joss,11,13
jota,11,13
jots,11,13
kaph,13,13
khaf,14,13
kink,12,13
klik,12,13
konk,12,13
koph,13,13
luck,10,13
luxe,11,13
miff,12,13
much,11,13
ooze,13,13
oryx,14,13
orzo,13,13
pfft,12,13
pimp,10,13
poky,13,13
pomp,10,13
pulk,10,13
punk,10,13
qats,13,13
raja,11,13
raze,13,13
ritz,13,13
sexy,14,13
size,13,13
soja,11,13
tzar,13,13
umph,11,13
upby,11,13
volk,11,13
vugg,9,13
vugh,11,13
waff,13,13
wavy,13,13
whup,12,13
wimp,11,13
womb,11,13
xyst,14,13
yack,13,13
yock,13,13
zees,13,13
zero,13,13
zest,13,13
zeta,13,13
ziti,13,13
zits,13,13
zoea,13,13
zoos,13,13
zori,13,13
axal,11,12
axed,12,12
axel,11,12
axil,11,12
axle,11,12
axon,11,12
baby,11,12
bach,11,12
balk,10,12
bank,10,12
bilk,10,12
blub,8,12
bonk,10,12
bubu,8,12
bulb,8,12
burk,10,12
busk,10,12
calk,10,12
caph,11,12
cham,11,12
chap,11,12
chaw,12,12
chef,12,12
chem,11,12
chew,12,12
chic,11,12
chip,11,12
choc,11,12
chop,11,12
chow,12,12
chug,10,12
club,8,12
conk,10,12
copy,11,12
cowy,12,12
cuke,10,12
culm,8,12
cusk,10,12
cyma,11,12
cyme,11,12
dawk,12,
deck,11,12
dick,11,12
dock,11,12
duff,11,12
dumb,9,12
dump,9,12
eaux,11,12
ekka,12,12
exed,12,12
exon,11,12
filk,11,12
fink,11,12
flak,11,12
flub,9,12
folk,11,12
fyce,12,12
gaff,11,12
gamb,9,12
gamp,9,12
gawp,10,12
gimp,9,12
gunk,9,12
gyve,11,12
hemp,11,12
howf,13,12
hulk,11,12
hunk,11,12
hwyl,13,12
hymn,12,12
iffy,13,12
ilex,11,12
immy,11,12
kaka,12,12
kaki,12,12
kapu,10,12
kava,11,12
keek,12,12
kelp,10,12
kirk,12,12
kiva,11,12
knap,10,12
knew,11,12
knob,10,12
knop,10,12
know,11,12
kook,12,12
kufi,11,12
kvas,11,12
lack,10,12
lick,10,12
lock,10,12
luff,10,12
lump,8,12
lych,12,12
mach,11,12
mech,11,12
milk,10,12
mink,10,12
monk,10,12
mopy,11,12
mugg,8,12
mumu,8,12
murk,10,12
musk,10,12
mycs,11,12
neck,10,12
next,11,12
nick,10,12
nixe,11,12
nock,10,12
nuff,10,12
numb,8,12
ovum,9,12
oxen,11,12
oxid,12,12
pacy,11,12
pech,11,12
phew,12,12
pink,10,12
pipy,11,12
plum,8,12
pugh,10,12
puke,10,12
pulp,8,12
pupu,8,12
pyic,11,12
roux,11,12
ruck,10,12
suck,10,12
tuck,10,12
typp,11,12
vavs,10,12
viva,10,12
vive,10,12
walk,11,12
wauk,11,12
wham,12,12
whap,12,12
whew,13,12
whim,12,
whip,12,12
whom,12,12
whop,12,12
wich,12,12
wink,11,12
wonk,11,12
yaff,13,12
yawp,12,12
yomp,11,12
yuch,12,12
achy,12,11
alky,11,11
amok,10,11
ankh,11,11
avow,10,11
axes,11,11
axis,11,11
babu,8,11
bake,10,11
balm,8,11
banc,8,11
bark,10,11
bask,10,11
bawd,10,11
bawl,9,11
bawn,9,11
beak,10,11
berk,10,11
bike,10,11
birk,10,11
bisk,10,11
blab,8,11
blam,8,11
blaw,9,11
bleb,8,11
blew,9,11
blip,8,11
blob,8,11
bloc,8,11
blow,9,11
bogy,10,11
book,10,11
bork,10,11
bosk,10,11
bowl,9,11
bubo,8,11
bubs,8,11
buhl,9,11
bums,8,11
bung,7,11
burb,8,11
burp,8,11
cagy,10,11
cake,10,11
calf,9,11
calm,8,11
cark,10,11
cask,10,11
cava,9,11
cave,9,11
chay,12,11
clam,8,11
clap,8,11
claw,9,11
clef,9,11
clew,9,11
clip,8,11
clop,8,11
coke,10,11
cook,10,11
cork,10,11
coup,8,11
cove,9,11
cowl,9,11
cube,8,11
cubs,8,11
cuif,9,11
cups,8,11
curb,8,11
curf,9,11
cusp,8,11
daff,11,11
damp,9,11
davy,11,11
dhak,12,11
diff,11,11
doff,11,11
dunk,9,11
dyke,12,11
envy,10,11
exes,11,11
exit,11,11
fake,11,11
fava,10,11
fave,10,11
fawn,10,11
film,9,11
five,10,11
flab,9,11
flam,9,
flap,9,11
flaw,10,11
flew,10,11
flic,9,11
flip,9,11
floc,9,11
flop,9,11
flow,10,11
fogy,11,11
fork,11,11
fowl,10,11
fubs,9,11
fuci,9,11
fugu,8,11
fume,9,11
gaby,10,11
gach,10,11
gamy,10,11
gapy,10,11
gink,9,11
glum,7,11
goby,10,11
gulf,8,11
gulp,7,11
guvs,8,11
gybe,10,11
gyms,10,11
gypo,10,11
gyps,10,11
haku,11,11
hank,11,11
holk,11,11
homy,12,11
honk,11,11
husk,11,11
hype,12,11
hypo,12,11
hyps,12,11
icks,10,11
inky,11,11
ixia,11,11
kabs,10,11
kafs,11,11
kagu,9,11
kaif,11,11
kame,10,11
kami,10,11
kapa,10,11
kbar,10,11
keef,11,11
keep,10,11
kefs,11,11
kepi,10,11
keps,10,11
kept,10,11
kerb,10,11
kerf,11,11
khan,11,11
kibe,10,11
kief,11,11
kifs,11,11
king,9,11
kips,10,11
kiwi,11,11
kobo,10,11
kobs,10,11
kohl,11,11
kops,10,11
kudu,9,11
lakh,11,11
laky,11,11
lamb,8,11
lamp,8,11
levy,10,11
limb,8,11
limp,8,11
lunk,8,11
make,10,11
maki,10,11
mako,10,11
malm,8,11
mark,10,11
mask,10,11
mawn,9,11
meek,10,11
merk,10,11
mewl,9,11
migg,8,11
mike,10,11
mirk,10,11
moke,10,11
mook,10,11
mosk,10,11
move,9,11
mown,9,11
mums,8,11
mung,7,11
myth,12,11
naff,10,11
navy,10,
newb,9,11
niff,10,11
oxer,11,11
oxes,11,11
paik,10,11
paks,10,11
palm,8,11
palp,8,11
park,10,11
pave,9,11
pawl,9,11
pawn,9,11
peak,10,11
peek,10,11
peke,10,11
pelf,9,11
perk,10,11
perv,9,11
pfui,9,11
pika,10,11
pike,10,11
piki,10,11
pleb,8,11
plew,9,11
plop,8,11
plow,9,11
plug,7,11
pogy,10,11
poke,10,11
pork,10,11
pouf,9,11
pubs,8,11
puce,8,11
puma,8,11
pung,7,11
puny,9,11
pupa,8,11
pups,8,11
rack,10,11
reck,10,11
rick,10,11
rock,10,11
ruff,10,11
rukh,11,11
rump,8,11
sack,10,11
scum,8,11
scup,8,11
sext,11,11
sick,10,11
skep,10,11
skew,11,11
skim,10,11
skip,10,11
sock,10,11
spiv,9,11
sukh,11,11
sump,8,11
swum,9,11
syph,12,11
tack,10,11
taxa,11,11
taxi,11,11
text,11,11
tick,10,11
tock,10,11
tuff,10,11
tump,8,11
typy,12,11
umbo,8,11
umma,8,11
umps,8,11
vacs,9,11
vang,8,11
vape,9,11
vaws,10,11
veep,9,11
verb,9,11
vibe,9,11
vice,9,11
view,10,11
vims,9,11
viny,10,11
vlog,8,11
vows,10,11
vrow,10,11
vugs,8,11
vuln,7,11
wake,11,11
wark,11,11
wave,10,11
wawl,10,11
weak,11,11
week,11,11
weka,11,11
whey,13,11
whig,11,11
whys,13,11
wiki,11,11
wive,10,
coco,8,10
coft,9,10
coif,9,10
coly,9,10
coma,8,10
come,8,10
cony,9,10
coof,9,10
coop,8,10
cope,8,10
cops,8,10
corf,9,10
corm,8,10
cows,9,10
crab,8,10
cram,8,10
crap,8,10
craw,9,10
crew,9,10
crib,8,10
croc,8,10
crop,8,10
crow,9,10
cull,6,10
cyan,9,10
dank,9,10
defy,11,10
demy,10,10
dewy,11,10
dhow,11,10
dink,9,10
doby,10,10
dopy,10,10
duke,9,10
dusk,9,10
ebbs,8,10
effs,10,10
eggy,9,10
elmy,9,10
emic,8,10
emyd,10,10
epic,8,10
fabs,9,10
face,9,10
fact,9,10
fame,9,10
fang,8,10
farm,9,10
feeb,9,10
feme,9,10
fems,9,10
fibs,9,10
fice,9,10
fico,9,10
fief,10,10
fife,10,10
firm,9,10
fisc,9,10
flag,8,10
flay,10,10
fley,10,10
flog,8,10
foam,9,10
fobs,9,10
foci,9,10
fohn,10,10
fops,9,10
forb,9,10
form,9,10
frap,9,10
from,9,10
frow,10,10
frug,8,10
fugs,8,10
full,7,10
fund,8,10
fury,10,10
gaum,7,10
gave,8,10
geek,9,10
geum,7,10
give,8,10
glam,7,10
glib,7,10
glim,7,10
glob,7,10
glom,7,10
glop,7,10
glow,8,10
glug,6,10
gnaw,8,10
golf,8,10
gook,9,10
gowd,9,10
gown,8,10
grok,9,10
grub,7,10
grum,7,10
gums,7,10
habu,9,10
coca,8,
haik,11,10
hake,11,10
half,10,10
halm,9,10
hark,11,10
have,10,10
helm,9,10
help,9,10
hewn,10,10
high,11,10
hike,11,10
hive,10,10
hogg,9,10
hoke,11,10
holm,9,10
holp,9,10
hook,11,10
hork,11,10
hove,10,10
howl,10,10
hubs,9,10
huic,9,10
hums,9,10
hung,8,10
hunh,10,10
hwan,10,10
iamb,8,10
imam,8,10
impi,8,10
imps,8,10
inby,9,10
inch,9,10
kayo,11,10
kays,11,10
kegs,9,10
keys,11,10
khat,11,10
khet,11,10
khis,11,10
kill,8,10
kiln,8,10
kind,9,10
kith,11,10
knur,8,10
kray,11,10
kudo,9,10
kuna,8,10
kune,8,10
kuru,8,10
kyar,11,10
kyat,11,10
kyes,11,10
kyte,11,10
lacy,9,10
lank,8,10
lech,9,10
leku,8,10
lich,9,10
limy,9,10
link,8,10
loch,9,10
lurk,8,10
luvs,7,10
mabe,8,10
mace,8,10
macs,8,10
maim,8,10
mama,8,10
mams,8,10
many,9,10
maps,8,10
marc,8,10
maws,9,10
meme,8,10
memo,8,10
mems,8,10
meow,9,10
merc,8,10
mews,9,10
mibs,8,10
mica,8,10
mice,8,10
mics,8,10
mime,8,10
mobs,8,10
mocs,8,10
moly,9,10
mome,8,10
momi,8,10
moms,8,10
mony,9,10
mope,8,10
mops,8,10
mows,9,10
mugs,7,10
mull,6,10
mush,9,10
myna,9,10
neuk,8,10
nuke,8,10
oaky,11,10
offs,10,10
okay,11,10
okeh,11,10
ouch,9,10
ouph,9,10
owly,10,10
paca,8,10
pace,8,10
pacs,8,10
pact,8,10
paly,9,10
pams,8,10
pang,7,10
papa,8,10
paps,8,10
paws,9,10
pecs,8,10
peep,8,10
pepo,8,10
peps,8,10
perc,8,10
perm,8,10
perp,8,10
pews,9,10
phon,9,10
phut,9,10
pica,8,10
pice,8,10
pics,8,10
pily,9,10
pima,8,10
ping,7,10
piny,9,10
pipa,8,10
pipe,8,10
pips,8,10
play,9,10
ploy,9,10
poco,8,10
poem,8,10
poly,9,10
pome,8,10
pomo,8,10
poms,8,10
pong,7,10
pony,9,10
poof,9,10
poop,8,10
pope,8,10
pops,8,10
pows,9,10
pram,8,10
prep,8,10
prim,8,10
prob,8,10
prof,9,10
prom,8,10
prop,8,10
prow,9,10
pudu,7,10
pugs,7,10
pull,6,10
push,9,10
pyin,9,10
raff,10,10
ramp,8,10
repp,8,10
riff,10,10
romp,8,10
ruby,9,10
ryke,11,10
samp,8,10
scab,8,10
scam,8,10
scop,8,10
scow,9,10
shhh,13,10
shiv,10,10
sibb,8,10
simp,8,10
skag,9,10
skeg,9,10
skry,11,10
smew,9,10
smug,7,10
spam,8,10
spec,8,10
spew,9,10
such,9,10
sulk,8,10
sumy,9,10
sunk,8,10
swab,9,10
swam,9,10
swap,9,10
swim,9,10
swob,9,10
swop,9,10
syke,11,10
tian,4,5
tide,5,5
tied,5,5
tile,4,5
tils,4,5
tilt,4,5
tine,4,5
tins,4,5
tint,4,5
tirl,4,5
toad,5,5
tods,5,5
toed,5,5
toil,4,5
tola,4,5
tole,4,5
tolt,4,5
tone,4,5
tons,4,5
tool,4,5
toon,4,5
torn,4,5
tour,4,5
tout,4,5
trad,5,5
trod,5,5
trou,4,5
TRUE,4,5
tuis,4,5
turr,4,5
tuts,4,5
urea,4,5
ursa,4,5
user,4,5
uses,4,5
utas,4,5
utes,4,5
aero,4,4
airs,4,4
airt,4,4
aits,4,4
area,4,4
ares,4,4
aria,4,4
arts,4,4
asea,4,4
ates,4,4
ears,4,4
ease,4,4
east,4,4
eats,4,4
eras,4,4
eros,4,4
errs,4,4
erst,4,4
eses,4,4
esse,4,4
ests,4,4
etas,4,4
iota,4,4
ires,4,4
iris,4,4
oars,4,4
oast,4,4
oats,4,4
oots,4,4
ores,4,4
orra,4,4
orts,4,4
osar,4,4
oses,4,4
ossa,4,4
otto,4,4
raia,4,4
rais,4,4
rare,4,4
rase,4,4
rate,4,4
rato,4,4
rats,4,4
rear,4,4
rees,4,4
reis,4,4
rest,4,4
rete,4,4
rets,4,4
rias,4,4
riot,4,4
rise,4,4
rite,4,4
roar,4,4
roes,4,4
roos,4,4
root,4,4
rose,4,4
rota,4,4
rote,4,4
roti,4,4
roto,4,4
rots,4,
sari,4,4
sass,4,4
sate,4,4
sati,4,4
sear,4,4
seas,4,4
seat,4,4
seer,4,4
sees,4,4
seis,4,4
sera,4,4
sere,4,4
sers,4,4
seta,4,4
sets,4,4
sett,4,4
sire,4,4
sirs,4,4
site,4,4
sits,4,4
soar,4,4
soot,4,4
sora,4,4
sore,4,4
sori,4,4
sort,4,4
sots,4,4
sris,4,4
star,4,4
stat,4,4
stet,4,4
stir,4,4
stoa,4,4
stot,4,4
taos,4,4
tare,4,4
taro,4,4
tars,4,4
tart,4,4
tase,4,4
tass,4,4
tate,4,4
tats,4,4
tear,4,4
teas,4,4
teat,4,4
tees,4,4
test,4,4
tets,4,4
tier,4,4
ties,4,4
tire,4,4
tiro,4,4
titi,4,4
tits,4,4
toea,4,4
toes,4,4
toit,4,4
toot,4,4
tora,4,4
tore,4,4
tori,4,4
toro,4,4
torr,4,4
tors,4,4
tort,4,4
tosa,4,4
toss,4,4
tost,4,4
tote,4,4
tots,4,4
tree,4,4
tret,4,4
trio,4,4
trot,4,4
tsar,4,4
tian,4,5
tide,5,5
tied,5,5
tile,4,5
tils,4,5
tilt,4,5
tine,4,5
tins,4,5
tint,4,5
tirl,4,5
toad,5,5
tods,5,5
toed,5,5
toil,4,5
tola,4,5
tole,4,5
tolt,4,5
tone,4,5
tons,4,5
tool,4,5
toon,4,5
torn,4,5
tour,4,5
tout,4,5
trad,5,5
trod,5,5
trou,4,5
TRUE,4,5
tuis,4,5
turr,4,5
tuts,4,5
urea,4,5
ursa,4,5
user,4,5
uses,4,5
utas,4,5
utes,4,5
aero,4,4
airs,4,4
airt,4,4
aits,4,4
area,4,4
ares,4,4
aria,4,4
arts,4,4
asea,4,4
ates,4,4
ears,4,4
ease,4,4
east,4,4
eats,4,4
eras,4,4
eros,4,4
errs,4,4
erst,4,4
eses,4,4
esse,4,4
ests,4,4
etas,4,4
iota,4,4
ires,4,4
iris,4,4
oars,4,4
oast,4,4
oats,4,4
oots,4,4
ores,4,4
orra,4,4
orts,4,4
osar,4,4
oses,4,4
ossa,4,4
otto,4,4
raia,4,4
rais,4,4
rare,4,4
rase,4,4
rate,4,4
rato,4,4
rats,4,4
rear,4,4
rees,4,4
reis,4,4
rest,4,4
rete,4,4
rets,4,4
rias,4,4
riot,4,4
rise,4,4
rite,4,4
roar,4,4
roes,4,4
roos,4,4
root,4,4
rose,4,4
rota,4,4
rote,4,4
roti,4,4
roto,4,4
rots,4,4
reel,4,5
rein,4,5
reno,4,5
rent,4,5
rial,4,5
ride,5,5
rids,5,5
riel,4,5
rile,4,5
rins,4,5
road,5,5
roan,4,5
rode,5,5
rods,5,5
roil,4,5
role,4,5
rood,5,5
rotl,4,5
roue,4,5
rout,4,5
ruer,4,5
rues,4,5
ruse,4,5
rust,4,5
ruts,4,5
sade,5,5
sadi,5,5
said,5,5
sail,4,5
sain,4,5
sale,4,5
sals,4,5
salt,4,5
sane,4,5
sans,4,5
sard,5,5
seal,4,5
seed,5,5
seel,4,5
seen,4,5
sels,4,5
sene,4,5
sent,4,5
sial,4,5
side,5,5
silo,4,5
silt,4,5
sine,4,5
sins,4,5
slat,4,5
slit,4,5
sloe,4,5
slot,4,5
snit,4,5
snot,4,5
soda,5,5
sods,5,5
soil,4,5
sola,4,5
sole,4,5
soli,4,5
solo,4,5
sols,4,5
sone,4,5
sons,4,5
soon,4,5
sord,5,5
sorn,4,5
sour,4,5
sous,4,5
suer,4,5
sues,4,5
suet,4,5
suit,4,5
sura,4,5
sure,4,5
suss,4,5
tads,5,5
tael,4,5
tail,4,5
tain,4,5
tala,4,5
tale,4,5
tali,4,5
tans,4,5
tarn,4,5
taus,4,5
taut,4,5
teal,4,5
teds,5,5
teed,5,5
teel,4,5
teen,4,5
tein,4,5
tela,4,5
tele,4,5
tels,4,5
tens,4,5
tent,4,5
tern,4,
ides,5,5
ilea,4,5
ilia,4,5
inia,4,5
inro,4,5
inti,4,5
into,4,5
ions,4,5
ired,5,5
irid,5,5
iron,4,5
isle,4,5
lair,4,5
lari,4,5
lars,4,5
lase,4,5
lass,4,5
last,4,5
late,4,5
lati,4,5
lats,4,5
lear,4,5
leas,4,5
leer,4,5
lees,4,5
leet,4,5
leis,4,5
less,4,5
lest,4,5
lets,4,5
liar,4,5
lias,4,5
lier,4,5
lies,4,5
lira,4,5
lire,4,5
liri,4,5
list,4,5
lite,4,5
lits,4,5
loos,4,5
loot,4,5
lore,4,5
lose,4,5
loss,4,5
lost,4,5
lota,4,5
loti,4,5
loto,4,5
lots,4,5
naes,4,5
naoi,4,5
naos,4,5
near,4,5
neat,4,5
ness,4,5
nest,4,5
nets,4,5
nett,4,5
nisi,4,5
nite,4,5
nits,4,5
noes,4,5
noir,4,5
nori,4,5
nose,4,5
nota,4,5
note,4,5
odas,5,5
odea,5,5
odes,5,5
odor,5,5
oils,4,5
olea,4,5
oleo,4,5
oles,4,5
olio,4,5
ones,4,5
onos,4,5
onto,4,5
orad,5,5
oral,4,5
ordo,5,5
orle,4,5
ours,4,5
oust,4,5
outs,4,5
rads,5,5
raid,5,5
rail,4,5
rain,4,5
rale,4,5
rani,4,5
rant,4,5
read,5,5
real,4,5
rede,5,5
redo,5,5
reds,5,5
reed,5,
,,
tyre,7,6
tyro,7,6
udos,5,6
unai,4,6
unis,4,6
unit,4,6
unto,4,6
urds,5,6
urns,4,6
urus,4,6
used,5,6
yare,7,6
year,7,6
yeas,7,6
yeti,7,6
yett,7,6
yirr,7,6
yore,7,6
aals,4,5
adit,5,5
ados,5,5
aeon,4,5
aide,5,5
aids,5,5
ails,4,5
ains,4,5
airn,4,5
alae,4,5
alar,4,5
alas,4,5
alee,4,5
ales,4,5
alit,4,5
aloe,4,5
also,4,5
alto,4,5
alts,4,5
anas,4,5
anes,4,5
anis,4,5
anoa,4,5
ansa,4,5
anta,4,5
ante,4,5
anti,4,5
ants,4,5
arid,5,5
aril,4,5
aura,4,5
auto,4,5
dais,5,5
dare,5,5
dart,5,5
data,5,5
date,5,5
dato,5,5
dear,5,5
deer,5,5
dees,5,5
deet,5,5
dere,5,5
desi,5,5
dies,5,5
diet,5,5
dire,5,5
dirt,5,5
diss,5,5
dita,5,5
dite,5,5
dits,5,5
doat,5,5
doer,5,5
does,5,5
doit,5,5
door,5,5
dore,5,5
dorr,5,5
dors,5,5
dosa,5,5
dose,5,5
doss,5,5
dost,5,5
dote,5,5
dots,5,5
drat,5,5
dree,5,5
earl,4,5
earn,4,5
edit,5,5
eels,4,5
eide,5,5
else,4,5
eons,4,5
erne,4,5
erns,4,5
esne,4,5
etna,4,5
etui,4,5
euro,4,5
idea,5,
,,
rhos,7,6
rigs,5,6
rill,4,6
rind,5,6
roll,4,6
rosy,7,6
rude,5,6
rued,5,6
ruin,4,6
rule,4,6
rune,4,6
runs,4,6
runt,4,6
ryas,7,6
ryes,7,6
ryot,7,6
saga,5,6
sage,5,6
sago,5,6
sags,5,6
sall,4,6
sand,5,6
sash,7,6
saul,4,6
says,7,6
sego,5,6
segs,5,6
sell,4,6
send,5,6
sesh,7,6
shea,7,6
shes,7,6
shoe,7,6
shoo,7,6
shot,7,6
shri,7,6
sigs,5,6
sild,5,6
sill,4,6
sith,7,6
sled,5,6
slid,5,6
slue,4,6
slur,4,6
slut,4,6
sned,5,6
sohs,7,6
sold,5,6
soth,7,6
soul,4,6
soya,7,6
soys,7,6
stag,5,6
stay,7,6
stey,7,6
stud,5,6
stun,4,6
stye,7,6
suds,5,6
sued,5,6
suns,4,6
surd,5,6
tags,5,6
tahr,7,6
tall,4,6
tegs,5,6
tell,4,6
tend,5,6
teth,7,6
thae,7,6
that,7,6
thee,7,6
thio,7,6
thir,7,6
this,7,6
thro,7,6
till,4,6
toga,5,6
togs,5,6
told,5,6
toll,4,6
tolu,4,6
tory,7,6
tosh,7,6
toyo,7,6
toys,7,6
tray,7,6
trey,7,6
trig,5,6
trog,5,6
troy,7,6
tule,4,6
tuna,4,6
tune,4,6
tuns,4,6
turn,4,6
tutu,4,6
tyee,7,6
tyer,7,6
tyes,7,
,,
inns,4,6
lade,5,6
lads,5,6
laid,5,6
lain,4,6
lane,4,6
lard,5,6
larn,4,6
latu,4,6
lead,5,6
leal,4,6
lean,4,6
lede,5,6
leno,4,6
lens,4,6
lent,4,6
lido,5,6
lids,5,6
lied,5,6
lien,4,6
lieu,4,6
lilt,4,6
line,4,6
lino,4,6
lins,4,6
lint,4,6
lion,4,6
litu,4,6
load,5,6
loan,4,6
lode,5,6
loid,5,6
loin,4,6
lone,4,6
loon,4,6
lord,5,6
lorn,4,6
lour,4,6
lout,4,6
lues,4,6
lure,4,6
lust,4,6
lute,4,6
naan,4,6
nada,5,6
nail,4,6
nala,4,6
nana,4,6
nano,4,6
nans,4,6
nard,5,6
need,5,6
nene,4,6
neon,4,6
nerd,5,6
nide,5,6
nidi,5,6
nils,4,6
nine,4,6
node,5,6
nodi,5,6
nods,5,6
noel,4,6
noil,4,6
nolo,4,6
nona,4,6
none,4,6
noni,4,6
noon,4,6
nous,4,6
nuts,4,6
oath,7,6
oaty,7,6
odds,6,6
ogee,5,6
ogre,5,6
ohia,7,6
olde,5,6
olds,5,6
olla,4,6
onus,4,6
oohs,7,6
orgs,5,6
ouds,5,6
oyer,7,6
oyes,7,6
raga,5,6
rage,5,6
ragi,5,6
rags,5,6
rand,5,6
rash,7,6
rath,7,6
raya,7,6
rays,7,6
redd,6,6
regs,5,6
rend,5,6
resh,7,6
rhea,7,
,,
diol,5,6
dirl,5,6
dodo,6,6
dole,5,6
dols,5,6
dolt,5,6
dona,5,6
done,5,6
dons,5,6
dour,5,6
dout,5,6
dues,5,6
duet,5,6
duit,5,6
duos,5,6
dura,5,6
dure,5,6
duro,5,6
durr,5,6
dust,5,6
easy,7,6
eath,7,6
eddo,6,6
eery,7,6
eger,5,6
egis,5,6
egos,5,6
elan,4,6
elds,5,6
ells,4,6
ends,5,6
enol,4,6
ergo,5,6
ergs,5,6
eths,7,6
eyas,7,6
eyer,7,6
eyes,7,6
eyra,7,6
eyre,7,6
gaes,5,6
gait,5,6
gars,5,6
gast,5,6
gate,5,6
gats,5,6
gear,5,6
gees,5,6
gest,5,6
geta,5,6
gets,5,6
gies,5,6
giro,5,6
girt,5,6
gist,5,6
gite,5,6
gits,5,6
goas,5,6
goat,5,6
goer,5,6
goes,5,6
goos,5,6
gore,5,6
grat,5,6
gree,5,6
grit,5,6
grot,5,6
haar,7,6
haes,7,6
haet,7,6
hair,7,6
hare,7,6
hart,7,6
hast,7,6
hate,7,6
hats,7,6
hear,7,6
heat,7,6
heir,7,6
here,7,6
hero,7,6
hers,7,6
hest,7,6
hets,7,6
hies,7,6
hire,7,6
hiss,7,6
hist,7,6
hits,7,6
hoar,7,6
hoer,7,6
hoes,7,6
hoot,7,6
hora,7,6
hose,7,6
host,7,6
hots,7,6
idle,5,6
idol,5,6
ills,4,
,,
unau,4,7
unde,5,7
undo,5,7
urge,5,7
waes,7,7
wair,7,7
wait,7,7
ware,7,7
wars,7,7
wart,7,7
wast,7,7
wats,7,7
watt,7,7
wear,7,7
weer,7,7
wees,7,7
weet,7,7
weir,7,7
were,7,7
wert,7,7
west,7,7
weta,7,7
wets,7,7
wire,7,7
wise,7,7
wiss,7,7
wist,7,7
wite,7,7
wits,7,7
woes,7,7
woos,7,7
wore,7,7
wort,7,7
wost,7,7
wots,7,7
writ,7,7
yard,8,7
yarn,7,7
yean,7,7
yens,7,7
yins,7,7
yird,8,7
yods,8,7
yoni,7,7
your,7,7
yous,7,7
yurt,7,7
aahs,7,6
adds,6,6
aery,7,6
agar,5,6
agas,5,6
agee,5,6
ager,5,6
ages,5,6
agio,5,6
agro,5,6
ahis,7,6
airy,7,6
alan,4,6
alls,4,6
anal,4,6
ands,5,6
anil,4,6
anna,4,6
anon,4,6
anus,4,6
areg,5,6
arty,7,6
aunt,4,6
ayes,7,6
dada,6,6
dado,6,6
dads,6,6
dale,5,6
dals,5,6
dans,5,6
darn,5,6
daut,5,6
dead,6,6
deal,5,6
dean,5,6
deed,6,6
deil,5,6
dele,5,6
deli,5,6
dels,5,6
delt,5,6
dene,5,6
deni,5,6
dens,5,6
dent,5,6
dial,5,6
dido,6,6
died,6,6
diel,5,6
dine,5,6
dino,5,6
dins,5,6
dint,5,
,,
soca,6,7
sofa,7,7
soft,7,7
soma,6,7
some,6,7
soms,6,7
song,5,7
sops,6,7
sorb,6,7
sows,7,7
spae,6,7
spar,6,7
spas,6,7
spat,6,7
spit,6,7
spot,6,7
stab,6,7
staw,7,7
stem,6,7
step,6,7
stew,7,7
stob,6,7
stop,6,7
stow,7,7
sudd,6,7
sulu,4,7
sunn,4,7
swat,7,7
swot,7,7
syli,7,7
syne,7,7
tabs,6,7
tace,6,7
taco,6,7
tact,6,7
tame,6,7
tams,6,7
tang,5,7
tapa,6,7
tape,6,7
taps,6,7
tarp,6,7
taws,7,7
team,6,7
tecs,6,7
teem,6,7
tegu,5,7
tepa,6,7
term,6,7
tews,7,7
than,7,7
then,7,7
thin,7,7
thou,7,7
thru,7,7
thus,7,7
tics,6,7
tidy,8,7
time,6,7
ting,5,7
tiny,7,7
tipi,6,7
tips,6,7
tiyn,7,7
toco,6,7
tody,8,7
toft,7,7
tome,6,7
toms,6,7
tong,5,7
tony,7,7
toom,6,7
tope,6,7
topi,6,7
topo,6,7
tops,6,7
torc,6,7
tows,7,7
tram,6,7
trap,6,7
tref,7,7
trem,6,7
trim,6,7
trip,6,7
trop,6,7
trow,7,7
trug,5,7
tugs,5,7
tush,7,7
twae,7,7
twas,7,7
twee,7,7
twit,7,7
twos,7,7
tyin,7,7
tyne,7,7
udon,5,7
ulan,4,7
ulna,4,7
ulus,4,
,,
psst,6,7
race,6,7
raft,7,7
rami,6,7
rams,6,7
rang,5,7
rape,6,7
raps,6,7
rapt,6,7
rasp,6,7
raws,7,7
ream,6,7
reap,6,7
rebs,6,7
recs,6,7
reef,7,7
refs,7,7
reft,7,7
reif,7,7
rely,7,7
rems,6,7
repo,6,7
reps,6,7
rhus,7,7
ribs,6,7
rice,6,7
rife,7,7
rifs,7,7
rift,7,7
rime,6,7
rims,6,7
ring,5,7
ripe,6,7
rips,6,7
roam,6,7
robe,6,7
robs,6,7
rocs,6,7
roms,6,7
roof,7,7
room,6,7
rope,6,7
rows,7,7
rudd,6,7
ruga,5,7
rugs,5,7
rush,7,7
ruth,7,7
ryus,7,7
sabe,6,7
sabs,6,7
sacs,6,7
safe,7,7
same,6,7
sang,5,7
saps,6,7
saws,7,7
scar,6,7
scat,6,7
scot,6,7
seam,6,7
secs,6,7
sect,6,7
seem,6,7
seep,6,7
seif,7,7
seme,6,7
semi,6,7
seps,6,7
sept,6,7
serf,7,7
sews,7,7
shad,8,7
shed,8,7
shen,7,7
shin,7,7
shod,8,7
shut,7,7
sibs,6,7
sice,6,7
sics,6,7
sidh,8,7
sift,7,7
sign,5,7
sima,6,7
sims,6,7
sing,5,7
sinh,7,7
sipe,6,7
sips,6,7
slag,5,7
slay,7,7
slog,5,7
smit,6,7
snag,5,7
snog,5,7
snye,7,7
soap,6,7
soba,6,7
sobs,6,
,,
mist,6,7
mite,6,7
mitt,6,7
moas,6,7
moat,6,7
moor,6,7
moos,6,7
moot,6,7
mora,6,7
more,6,7
mors,6,7
mort,6,7
moss,6,7
most,6,7
mote,6,7
mots,6,7
mott,6,7
naga,5,7
nags,5,7
nary,7,7
nays,7,7
negs,5,7
nill,4,7
nogs,5,7
nosh,7,7
nosy,7,7
noun,4,7
nude,5,7
nuns,4,7
nurd,5,7
nurl,4,7
oafs,7,7
obas,6,7
obes,6,7
obia,6,7
obis,6,7
obit,6,7
oboe,6,7
ocas,6,7
odah,8,7
ogle,5,7
ohed,8,7
oily,7,7
omas,6,7
omer,6,7
omit,6,7
oops,6,7
opas,6,7
opes,6,7
opts,6,7
orbs,6,7
orca,6,7
orcs,6,7
otic,6,7
owes,7,7
owse,7,7
owts,7,7
pair,6,7
para,6,7
pare,6,7
parr,6,7
pars,6,7
part,6,7
pase,6,7
pass,6,7
past,6,7
pate,6,7
pats,6,7
pear,6,7
peas,6,7
peat,6,7
peer,6,7
pees,6,7
pere,6,7
peri,6,7
pert,6,7
peso,6,7
pest,6,7
pets,6,7
pias,6,7
pier,6,7
pies,6,7
piso,6,7
pita,6,7
pits,6,7
poet,6,7
pois,6,7
poor,6,7
poos,6,7
pore,6,7
port,6,7
pose,6,7
post,6,7
pots,6,7
prao,6,7
prat,6,7
pree,6,7
proa,6,7
pros,6,7
psis,6,
,,
hard,8,7
harl,7,7
haut,7,7
head,8,7
heal,7,7
heed,8,7
heel,7,7
heil,7,7
helo,7,7
hens,7,7
hent,7,7
herd,8,7
herl,7,7
hern,7,7
hide,8,7
hied,8,7
hila,7,7
hili,7,7
hilt,7,7
hins,7,7
hint,7,7
hisn,7,7
hods,8,7
hoed,8,7
hole,7,7
holo,7,7
hols,7,7
holt,7,7
hone,7,7
hons,7,7
hood,8,7
horn,7,7
hour,7,7
hues,7,7
hurt,7,7
huts,7,7
ibis,6,7
ices,6,7
isba,6,7
isms,6,7
item,6,7
iwis,7,7
lags,5,7
lahs,7,7
lall,4,7
land,5,7
lash,7,7
lath,7,7
laud,5,7
lays,7,7
legs,5,7
lehr,7,7
lend,5,7
leud,5,7
leys,7,7
linn,4,7
loge,5,7
logo,5,7
logs,5,7
loll,4,7
lory,7,7
loth,7,7
loud,5,7
luau,4,7
lude,5,7
ludo,5,7
luds,5,7
luna,4,7
lune,4,7
luns,4,7
lunt,4,7
lyes,7,7
lyre,7,7
lyse,7,7
maar,6,7
maes,6,7
mair,6,7
mara,6,7
mare,6,7
mars,6,7
mart,6,7
masa,6,7
mass,6,7
mast,6,7
mate,6,7
mats,6,7
matt,6,7
meat,6,7
meet,6,7
mere,6,7
mesa,6,7
mess,6,7
meta,6,7
mete,6,7
mire,6,7
miri,6,7
mirs,6,7
mise,6,7
miso,6,7
miss,6,
,,
emit,6,7
emos,6,7
engs,5,7
epee,6,7
epos,6,7
etic,6,7
ewer,7,7
ewes,7,7
eyed,8,7
eyen,7,7
eyne,7,7
fair,7,7
fare,7,7
faro,7,7
fast,7,7
fate,7,7
fats,7,7
fear,7,7
feat,7,7
fees,7,7
feet,7,7
fere,7,7
fess,7,7
fest,7,7
feta,7,7
fete,7,7
fets,7,7
fiar,7,7
fiat,7,7
fire,7,7
firs,7,7
fist,7,7
fits,7,7
foes,7,7
foos,7,7
foot,7,7
fora,7,7
fore,7,7
fort,7,7
foss,7,7
frae,7,7
frat,7,7
free,7,7
fret,7,7
frit,7,7
froe,7,7
gadi,6,7
gads,6,7
gaed,6,7
gaen,5,7
gain,5,7
gala,5,7
gale,5,7
gals,5,7
gane,5,7
gaol,5,7
gaur,5,7
gean,5,7
geds,6,7
geed,6,7
gels,5,7
gelt,5,7
gene,5,7
gens,5,7
gent,5,7
gids,6,7
gied,6,7
gien,5,7
gilt,5,7
gins,5,7
gird,6,7
girl,5,7
girn,5,7
glee,5,7
glia,5,7
gnar,5,7
gnat,5,7
goad,6,7
goal,5,7
gods,6,7
gone,5,7
good,6,7
goon,5,7
gout,5,7
grad,6,7
gran,5,7
grid,6,7
grin,5,7
grue,5,7
guar,5,7
gust,5,7
guts,5,7
hade,8,7
haed,8,7
haen,7,7
hail,7,7
hale,7,7
halo,7,7
halt,7,7
hant,7,
,,
bits,6,7
bitt,6,7
boar,6,7
boas,6,7
boat,6,7
boor,6,7
boos,6,7
boot,6,7
bora,6,7
bore,6,7
bort,6,7
boss,6,7
bota,6,7
bots,6,7
bott,6,7
brae,6,7
bras,6,7
brat,6,7
bree,6,7
brie,6,7
brio,6,7
bris,6,7
brit,6,7
broo,6,7
bros,6,7
brrr,6,7
care,6,7
carr,6,7
cars,6,7
cart,6,7
casa,6,7
case,6,7
cast,6,7
cate,6,7
cats,6,7
cees,6,7
cere,6,7
cero,6,7
cert,6,7
cess,6,7
cete,6,7
ciao,6,7
cire,6,7
cist,6,7
cite,6,7
coat,6,7
coir,6,7
coos,6,7
coot,6,7
core,6,7
cors,6,7
coss,6,7
cost,6,7
cote,6,7
cots,6,7
cris,6,7
crit,6,7
dags,6,7
dahs,8,7
dash,8,7
days,8,7
dell,5,7
deys,8,7
digs,6,7
dill,5,7
dish,8,7
doge,6,7
dogs,6,7
dohs,8,7
doll,5,7
dory,8,7
dosh,8,7
doth,8,7
doty,8,7
drag,6,7
dray,8,7
dreg,6,7
drys,8,7
duad,6,7
dual,5,7
dude,6,7
duds,6,7
duel,5,7
dune,5,7
duns,5,7
dunt,5,7
durn,5,7
dyer,8,7
dyes,8,7
ecos,6,7
edge,6,7
edhs,8,7
eeew,7,7
eely,7,7
efts,7,7
egad,6,7
egal,5,7
elhi,7,7
emes,6,7
emir,6,
,,
wens,7,8
went,7,8
wide,8,8
wile,7,8
wilt,7,8
wine,7,8
wino,7,8
wins,7,8
woad,8,8
wons,7,8
wont,7,8
wood,8,8
wool,7,8
word,8,8
worn,7,8
wren,7,8
wuss,7,8
yage,8,8
yagi,8,8
yags,8,8
yald,8,8
yaud,8,8
yays,10,8
yeah,10,8
yeld,8,8
yell,7,8
yill,7,8
yoga,8,8
yogi,8,8
yond,8,8
yuan,7,8
yule,7,8
abas,6,7
abet,6,7
abri,6,7
acai,6,7
aces,6,7
acre,6,7
acro,6,7
acta,6,7
acts,6,7
afar,7,7
afro,7,7
aged,6,7
agin,5,7
agon,5,7
ague,5,7
ahed,8,7
aims,6,7
alga,5,7
amas,6,7
amia,6,7
amie,6,7
amir,6,7
amis,6,7
anga,5,7
aper,6,7
apes,6,7
apos,6,7
apse,6,7
arbs,6,7
arco,6,7
arcs,6,7
arfs,7,7
arms,6,7
aryl,7,7
asci,6,7
asps,6,7
atap,6,7
atma,6,7
atom,6,7
atop,6,7
auld,5,7
awee,7,7
awes,7,7
ayin,7,7
baas,6,7
bait,6,7
bare,6,7
bars,6,7
base,6,7
bass,6,7
bast,6,7
bate,6,7
bats,6,7
batt,6,7
bear,6,7
beat,6,7
beer,6,7
bees,6,7
beet,6,7
best,6,7
beta,6,7
bets,6,7
bias,6,7
bier,6,7
bios,6,7
birr,6,7
bise,6,7
bite,6,
,,
snib,6,8
snip,6,8
snob,6,8
snow,7,8
snug,5,8
soak,8,8
soke,8,8
sook,8,8
soup,6,8
sown,7,8
span,6,8
sped,7,8
spin,6,8
spue,6,8
spur,6,8
stub,6,8
stum,6,8
suba,6,8
subs,6,8
sumi,6,8
sumo,6,8
sums,6,8
sung,5,8
supe,6,8
sups,6,8
surf,7,8
swan,7,8
tabu,6,8
taka,8,8
take,8,8
talc,6,8
task,8,8
tavs,7,8
teak,8,8
tegg,6,8
they,10,8
thud,8,8
tike,8,8
tiki,8,8
tofu,7,8
toke,8,8
took,8,8
town,7,8
trek,8,8
tsks,8,8
tuba,6,8
tube,6,8
tubs,6,8
tufa,7,8
tuft,7,8
tums,6,8
tung,5,8
tups,6,8
turf,7,8
twin,7,8
upas,6,8
urbs,6,8
uric,6,8
urps,6,8
vair,7,8
vara,7,8
vars,7,8
vasa,7,8
vase,7,8
vast,7,8
vats,7,8
veer,7,8
vees,7,8
vera,7,8
vert,7,8
vest,7,8
veto,7,8
vets,7,8
vier,7,8
vies,7,8
visa,7,8
vise,7,8
vita,7,8
voes,7,8
vote,7,8
wade,8,8
wadi,8,8
wads,8,8
wail,7,8
wain,7,8
wale,7,8
wali,7,8
wane,7,8
wans,7,8
want,7,8
ward,8,8
warn,7,8
waur,7,8
weal,7,8
wean,7,8
weds,8,8
weed,8,8
weel,7,8
ween,7,8
welt,7,
,,
pens,6,8
pent,6,8
peon,6,8
pial,6,8
pian,6,8
pied,7,8
pile,6,8
pili,6,8
pina,6,8
pine,6,8
pins,6,8
pint,6,8
pion,6,8
pirn,6,8
plat,6,8
plea,6,8
plie,6,8
plot,6,8
pods,7,8
pole,6,8
polo,6,8
pols,6,8
pone,6,8
pons,6,8
pood,7,8
pool,6,8
poon,6,8
porn,6,8
pour,6,8
pout,6,8
prau,6,8
prod,7,8
ptui,6,8
pure,6,8
puri,6,8
purr,6,8
purs,6,8
puss,6,8
puts,6,8
putt,6,8
ragg,6,8
rake,8,8
raki,8,8
rave,7,8
reek,8,8
revs,7,8
risk,8,8
rive,7,8
rolf,7,8
rook,8,8
roup,6,8
rove,7,8
rube,6,8
rubs,6,8
ruly,7,8
rums,6,8
rung,5,8
rynd,8,8
sagy,8,8
sake,8,8
saki,8,8
salp,6,8
sark,8,8
save,7,8
sawn,7,8
scad,7,8
scan,6,8
scut,6,8
seek,8,8
self,7,8
sevs,7,8
sewn,7,8
shag,8,8
shah,10,8
shay,10,8
shog,8,8
shul,7,8
shun,7,8
sigh,8,8
sika,8,8
sike,8,8
skas,8,8
skat,8,8
skee,8,8
skis,8,8
skit,8,8
slab,6,8
slam,6,8
slap,6,8
slaw,7,8
slew,7,8
slim,6,8
slip,6,8
slob,6,8
slop,6,8
slow,7,8
slug,5,8
smut,6,8
snap,6,8
snaw,7,
,,
mint,6,8
moan,6,8
mode,7,8
modi,7,8
mods,7,8
moil,6,8
mola,6,8
mole,6,8
mols,6,8
molt,6,8
mono,6,8
mons,6,8
mood,7,8
mool,6,8
moon,6,8
morn,6,8
moue,6,8
mura,6,8
mure,6,8
murr,6,8
muse,6,8
muso,6,8
muss,6,8
must,6,8
mute,6,8
muts,6,8
mutt,6,8
nabe,6,8
nabs,6,8
naif,7,8
name,6,8
napa,6,8
nape,6,8
naps,6,8
narc,6,8
neap,6,8
nebs,6,8
neem,6,8
neep,6,8
neif,7,8
nema,6,8
news,7,8
newt,7,8
nibs,6,8
nice,6,8
nims,6,8
nipa,6,8
nips,6,8
nobs,6,8
noma,6,8
nome,6,8
noms,6,8
nope,6,8
norm,6,8
nows,7,8
nowt,7,8
nugs,5,8
null,4,8
oaks,8,8
obol,6,8
odic,7,8
odyl,8,8
oiks,8,8
okas,8,8
okes,8,8
okra,8,8
oldy,8,8
omen,6,8
once,6,8
only,7,8
opal,6,8
oped,7,8
open,6,8
opus,6,8
orgy,8,8
over,7,8
owed,8,8
owls,7,8
owns,7,8
paan,6,8
padi,7,8
pads,7,8
paid,7,8
pail,6,8
pain,6,8
pale,6,8
pals,6,8
pane,6,8
pans,6,8
pant,6,8
pard,7,8
paua,6,8
peal,6,8
pean,6,8
peds,7,8
peel,6,8
peen,6,8
pein,6,8
pele,6,8
pelt,6,
,,
kiss,8,8
kist,8,8
kite,8,8
kits,8,8
koas,8,8
kois,8,8
kora,8,8
kore,8,8
kors,8,8
koss,8,8
koto,8,8
krai,8,8
kris,8,8
labs,6,8
lace,6,8
lacs,6,8
lady,8,8
laic,6,8
lama,6,8
lame,6,8
lams,6,8
lang,5,8
laps,6,8
laws,7,8
leaf,7,8
leap,6,8
left,7,8
lept,6,8
libs,6,8
lice,6,8
lief,7,8
life,7,8
lift,7,8
lily,7,8
lima,6,8
lime,6,8
limo,6,8
ling,5,8
liny,7,8
lipa,6,8
lipe,6,8
lipo,6,8
lips,6,8
lisp,6,8
loaf,7,8
loam,6,8
lobe,6,8
lobo,6,8
lobs,6,8
loca,6,8
loci,6,8
loco,6,8
loft,7,8
long,5,8
loof,7,8
loom,6,8
loop,6,8
lope,6,8
lops,6,8
lowe,7,8
lows,7,8
luge,5,8
lugs,5,8
lull,4,8
lulu,4,8
lush,7,8
lwei,7,8
made,7,8
mads,7,8
maid,7,8
mail,6,8
main,6,8
male,6,8
malt,6,8
mana,6,8
mane,6,8
mano,6,8
mans,6,8
marl,6,8
maut,6,8
mead,7,8
meal,6,8
mean,6,8
meds,7,8
meed,7,8
mels,6,8
melt,6,8
meno,6,8
meou,6,8
merl,6,8
midi,7,8
mids,7,8
mien,6,8
mile,6,8
milo,6,8
mils,6,8
milt,6,8
mina,6,8
mine,6,8
mini,6,
,,
font,7,8
food,8,8
fool,7,8
ford,8,8
four,7,8
furs,7,8
fuse,7,8
fuss,7,8
gaga,6,8
gage,6,8
gags,6,8
gall,5,8
gash,8,8
gaud,6,8
gaun,5,8
gays,8,8
geld,6,8
genu,5,8
ghat,8,8
ghee,8,8
ghis,8,8
giga,6,8
gigs,6,8
gild,6,8
gill,5,8
glad,6,8
gled,6,8
glen,5,8
glue,5,8
glut,5,8
gnus,5,8
gogo,6,8
gold,6,8
gory,8,8
gosh,8,8
goth,8,8
gray,8,8
grey,8,8
grig,6,8
grog,6,8
guan,5,8
gude,6,8
guid,6,8
guls,5,8
guns,5,8
guru,5,8
gyre,8,8
gyri,8,8
gyro,8,8
hags,8,8
haha,10,8
hahs,10,8
hall,7,8
hand,8,8
hash,10,8
hath,10,8
haul,7,8
hays,10,8
hehs,10,8
held,8,8
hell,7,8
heth,10,8
hill,7,8
hind,8,8
hiya,10,8
hogs,8,8
hold,8,8
hoya,10,8
hoys,10,8
hued,8,8
hula,7,8
huns,7,8
hunt,7,8
hurl,7,8
hyte,10,8
iced,7,8
icon,6,8
idem,7,8
idly,8,8
idyl,8,8
iggs,6,8
iglu,5,8
ikat,8,8
illy,7,8
imid,7,8
info,7,8
inly,7,8
irks,8,8
kaas,8,8
kaes,8,8
kart,8,8
kata,8,8
kats,8,8
keas,8,8
keet,8,8
keir,8,8
keta,8,8
keto,8,8
kier,8,8
kirs,8,
,,
deem,7,8
deep,7,8
defi,8,8
deft,8,8
deme,7,8
demo,7,8
deny,8,8
deps,7,8
derm,7,8
dews,8,8
dhal,8,8
dibs,7,8
dice,7,8
didy,9,8
difs,8,8
dime,7,8
dims,7,8
ding,6,8
dips,7,8
dipt,7,8
disc,7,8
dobe,7,8
docs,7,8
dome,7,8
doms,7,8
dong,6,8
doob,7,8
doom,7,8
dopa,7,8
dope,7,8
dorm,7,8
dorp,7,8
dows,8,8
drab,7,8
dram,7,8
draw,8,8
drew,8,8
drib,7,8
drip,7,8
drop,7,8
drug,6,8
dugs,6,8
dull,5,8
duty,8,8
dyad,9,8
dyed,9,8
dyne,8,8
eave,7,8
ebon,6,8
ecru,6,8
ecus,6,8
eddy,9,8
eggs,6,8
ekes,8,8
elms,6,8
emeu,6,8
emus,6,8
enow,7,8
ever,7,8
eves,7,8
eyry,10,8
fade,8,8
fado,8,8
fads,8,8
fail,7,8
fain,7,8
fane,7,8
fano,7,8
fans,7,8
fard,8,8
farl,7,8
feal,7,8
feds,8,8
feed,8,8
feel,7,8
felt,7,8
fens,7,8
feod,8,8
fern,7,8
feus,7,8
fido,8,8
fids,8,8
fila,7,8
file,7,8
filo,7,8
fils,7,8
fine,7,8
fino,7,8
fins,7,8
firn,7,8
flat,7,8
flea,7,8
flee,7,8
flir,7,8
flit,7,8
floe,7,8
foal,7,8
foil,7,8
foin,7,8
fons,7,
,,
bids,7,8
bile,6,8
bine,6,8
bins,6,8
bint,6,8
bird,7,8
birl,6,8
blae,6,8
blat,6,8
blet,6,8
blot,6,8
bode,7,8
bods,7,8
boil,6,8
bola,6,8
bole,6,8
bolo,6,8
bolt,6,8
bone,6,8
boon,6,8
born,6,8
bout,6,8
brad,7,8
bran,6,8
bred,7,8
bren,6,8
brin,6,8
brut,6,8
bura,6,8
burr,6,8
burs,6,8
buss,6,8
bust,6,8
bute,6,8
buts,6,8
butt,6,8
cade,7,8
cadi,7,8
cads,7,8
caid,7,8
cain,6,8
calo,6,8
cane,6,8
cans,6,8
cant,6,8
card,7,8
carl,6,8
carn,6,8
cede,7,8
cedi,7,8
ceil,6,8
cels,6,8
celt,6,8
cent,6,8
cine,6,8
cion,6,8
clot,6,8
coal,6,8
coda,7,8
code,7,8
cods,7,8
coed,7,8
coil,6,8
coin,6,8
cola,6,8
cole,6,8
cols,6,8
colt,6,8
cone,6,8
coni,6,8
cons,6,8
cool,6,8
coon,6,8
cord,7,8
corn,6,8
cred,7,8
crus,6,8
cues,6,8
cure,6,8
curr,6,8
curs,6,8
curt,6,8
cuss,6,8
cute,6,8
cuts,6,8
dabs,7,8
dace,7,8
daft,8,8
dahl,8,8
dame,7,8
dams,7,8
dang,6,8
daps,7,8
darb,7,8
daws,8,8
dawt,8,8
deaf,8,8
debs,7,8
debt,7,8
deco,7,
,,
whee,10,9
whet,10,9
whir,10,9
whit,10,9
whoa,10,9
wigs,8,9
wild,8,9
will,7,9
wind,8,9
wiry,10,9
wish,10,9
with,10,9
wold,8,9
wyes,10,9
wyte,10,9
yams,9,9
yang,8,9
yaps,9,9
yaws,10,9
yeow,10,9
yeps,9,9
yews,10,9
yipe,9,9
yips,9,9
yobs,9,9
yodh,11,9
yoof,10,9
yowe,10,9
yows,10,9
yuga,8,9
ywis,10,9
abed,7,8
able,6,8
abut,6,8
aced,7,8
acid,7,8
acne,6,8
agha,8,8
aglu,5,8
agog,6,8
ahoy,10,8
akee,8,8
alba,6,8
albs,6,8
alec,6,8
alef,7,8
alfa,7,8
alif,7,8
ally,7,8
alma,6,8
alme,6,8
alms,6,8
alow,7,8
alps,6,8
amen,6,8
amid,7,8
amin,6,8
amus,6,8
anew,7,8
aped,7,8
apod,7,8
arak,8,8
argh,8,8
arks,8,8
arum,6,8
arvo,7,8
ashy,10,8
asks,8,8
aver,7,8
aves,7,8
avos,7,8
awed,8,8
awls,7,8
awns,7,8
awol,7,8
ayah,10,8
baal,6,8
bade,7,8
bads,7,8
bail,6,8
bale,6,8
bals,6,8
bane,6,8
bani,6,8
bans,6,8
bard,7,8
barn,6,8
bead,7,8
beal,6,8
bean,6,8
beau,6,8
beds,7,8
been,6,8
bels,6,8
belt,6,8
bene,6,8
bens,6,8
bent,6,8
bide,7,8
bidi,7,
,,
whee,10,9
whet,10,9
whir,10,9
whit,10,9
whoa,10,9
wigs,8,9
wild,8,9
will,7,9
wind,8,9
wiry,10,9
wish,10,9
with,10,9
wold,8,9
wyes,10,9
wyte,10,9
yams,9,9
yang,8,9
yaps,9,9
yaws,10,9
yeow,10,9
yeps,9,9
yews,10,9
yipe,9,9
yips,9,9
yobs,9,9
yodh,11,9
yoof,10,9
yowe,10,9
yows,10,9
yuga,8,9
ywis,10,9
abed,7,8
able,6,8
abut,6,8
aced,7,8
acid,7,8
acne,6,8
agha,8,8
aglu,5,8
agog,6,8
ahoy,10,8
akee,8,8
alba,6,8
albs,6,8
alec,6,8
alef,7,8
alfa,7,8
alif,7,8
ally,7,8
alma,6,8
alme,6,8
alms,6,8
alow,7,8
alps,6,8
amen,6,8
amid,7,8
amin,6,8
amus,6,8
anew,7,8
aped,7,8
apod,7,8
arak,8,8
argh,8,8
arks,8,8
arum,6,8
arvo,7,8
ashy,10,8
asks,8,8
aver,7,8
aves,7,8
avos,7,8
awed,8,8
awls,7,8
awns,7,8
awol,7,8
ayah,10,8
baal,6,8
bade,7,8
bads,7,8
bail,6,8
bale,6,8
bals,6,8
bane,6,8
bani,6,8
bans,6,8
bard,7,8
barn,6,8
bead,7,8
beal,6,8
bean,6,8
beau,6,8
beds,7,8
been,6,8
bels,6,8
belt,6,8
bene,6,8
bens,6,8
bent,6,8
bide,7,8
bidi,7,
,,
mend,7,9
menu,6,9
mesh,9,9
meth,9,9
mhos,9,9
migs,7,9
mild,7,9
mill,6,9
mind,7,9
miry,9,9
mity,9,9
mogs,7,9
moho,9,9
mold,7,9
moll,6,9
mosh,9,9
moth,9,9
muds,7,9
mule,6,9
muni,6,9
muns,6,9
muon,6,9
nark,8,9
nave,7,9
navs,7,9
neum,6,9
neve,7,9
nevi,7,9
nigh,8,9
nogg,6,9
nook,8,9
nova,7,9
nubs,6,9
nyah,10,9
obey,9,9
oche,9,9
ogam,7,9
ohms,9,9
oink,8,9
opah,9,9
orby,9,9
oval,7,9
oven,7,9
page,7,9
pall,6,9
pash,9,9
path,9,9
paty,9,9
pays,9,9
peag,7,9
pegs,7,9
pehs,9,9
pend,7,9
phat,9,9
phis,9,9
phos,9,9
phot,9,9
pigs,7,9
pill,6,9
pish,9,9
pith,9,9
pity,9,9
plan,6,9
pled,7,9
plod,7,9
plus,6,9
pogo,7,9
poll,6,9
pond,7,9
pooh,9,9
posh,9,9
posy,9,9
pray,9,9
prey,9,9
prig,7,9
prog,7,9
puds,7,9
pula,6,9
pule,6,9
puli,6,9
puls,6,9
puna,6,9
puns,6,9
punt,6,9
purl,6,9
pyas,9,9
pyes,9,9
pyre,9,9
pyro,9,9
racy,9,9
raku,8,9
rank,8,9
rich,9,9
rimy,9,9
rink,8,9
ropy,9,9
rusk,8,9
sank,8,9
scag,7,9
scry,9,
,,
hobs,9,9
holy,10,9
homa,9,9
home,9,9
homo,9,9
homs,9,9
hong,8,9
hoof,10,9
hoop,9,9
hope,9,9
hops,9,9
howe,10,9
hows,10,9
huge,8,9
hugs,8,9
hull,7,9
hush,10,9
hyla,10,9
ichs,9,9
ikon,8,9
ilka,8,9
ilks,8,9
inks,8,9
itch,9,9
kadi,9,9
kail,8,9
kain,8,9
kale,8,9
kana,8,9
kane,8,9
kaon,8,9
karn,8,9
keel,8,9
keen,8,9
kelt,8,9
keno,8,9
kens,8,9
kent,8,9
kern,8,9
kids,9,9
kilo,8,9
kilt,8,9
kina,8,9
kine,8,9
kino,8,9
kins,8,9
kirn,8,9
knar,8,9
knee,8,9
knit,8,9
knot,8,9
koan,8,9
koel,8,9
kola,8,9
kolo,8,9
kues,8,9
lake,8,9
lark,8,9
lava,7,9
lave,7,9
lavs,7,9
lawn,7,9
leak,8,9
leek,8,9
leke,8,9
leks,8,9
leva,7,9
levo,7,9
levs,7,9
lewd,8,9
like,8,9
limn,6,9
live,7,9
logy,8,9
look,8,9
loup,6,9
love,7,9
lown,7,9
lube,6,9
luce,6,9
luma,6,9
lums,6,9
lung,5,9
luny,7,9
mage,7,9
magi,7,9
mags,7,9
mall,6,9
mash,9,9
math,9,9
maud,7,9
maul,6,9
maun,6,9
maya,9,9
mayo,9,9
mays,9,9
mega,7,9
megs,7,9
meld,7,9
mell,6,
,,
eche,9,9
echo,9,9
echt,9,9
edgy,9,9
eked,9,9
elks,8,9
epha,9,9
eruv,7,9
espy,9,9
etch,9,9
even,7,9
evil,7,9
fags,8,9
fahs,10,9
fall,7,9
fash,10,9
faun,7,9
fays,10,9
fehs,10,9
fell,7,9
fend,8,9
feud,8,9
figs,8,9
fill,7,9
find,8,9
fish,10,9
flan,7,9
fled,8,9
flue,7,9
flus,7,9
fogs,8,9
fold,8,9
fond,8,9
foul,7,9
foys,10,9
frag,8,9
fray,10,9
frig,8,9
frog,8,9
fuds,8,9
fuel,7,9
funs,7,9
furl,7,9
gabs,7,9
gama,7,9
game,7,9
gams,7,9
gang,6,9
gape,7,9
gaps,7,9
garb,7,9
gasp,7,9
gems,7,9
germ,7,9
gibe,7,9
gibs,7,9
gifs,8,9
gift,8,9
gips,7,9
gleg,6,9
gley,8,9
gobo,7,9
gobs,7,9
gong,6,9
goof,8,9
goop,7,9
gorm,7,9
gorp,7,9
grab,7,9
gram,7,9
grew,8,9
grim,7,9
grip,7,9
grow,8,9
gull,5,9
gush,8,9
guys,8,9
gyno,8,9
haaf,10,9
haem,9,9
haft,10,9
hame,9,9
hams,9,9
hang,8,9
haps,9,9
harm,9,9
harp,9,9
hasp,9,9
haws,10,9
heap,9,9
heft,10,9
heme,9,9
hems,9,9
heps,9,9
herb,9,9
herm,9,9
hews,10,9
hims,9,9
hips,9,9
hobo,9,
,,
bind,7,9
biog,7,9
bish,9,9
bled,7,9
blin,6,9
blue,6,9
blur,6,9
bogs,7,9
boho,9,9
bold,7,9
boll,6,9
bond,7,9
bosh,9,9
both,9,9
boyo,9,9
boys,9,9
brag,7,9
bray,9,9
brig,7,9
buds,7,9
buna,6,9
buns,6,9
bunt,6,9
burd,7,9
burl,6,9
burn,6,9
byes,9,9
byre,9,9
byte,9,9
cage,7,9
call,6,9
cash,9,9
caul,6,9
cays,9,9
cell,6,9
chai,9,9
chao,9,9
char,9,9
chat,9,9
chia,9,9
chis,9,9
chit,9,9
cigs,7,9
city,9,9
clad,7,9
clan,6,9
clod,7,9
clon,6,9
clue,6,9
cogs,7,9
coho,9,9
cold,7,9
conn,6,9
cory,9,9
cosh,9,9
cosy,9,9
coys,9,9
crag,7,9
crud,7,9
cuds,7,9
cued,7,9
cult,6,9
curd,7,9
curl,6,9
curn,6,9
cyst,9,9
daks,9,9
damn,7,9
dark,9,9
daub,7,9
dawn,8,9
deke,9,9
delf,8,9
desk,9,9
deva,8,9
devi,8,9
devs,8,9
dike,9,9
dirk,9,9
disk,9,9
diva,8,9
dive,8,9
dogy,9,9
dork,9,9
doum,7,9
dove,8,9
down,8,9
drek,9,9
drub,7,9
drum,7,9
dubs,7,9
duce,7,9
duci,7,9
duct,7,9
duly,8,9
duma,7,9
dung,6,9
dupe,7,9
dups,7,9
each,9,
,,
sync,9,10
tamp,8,10
teff,10,10
temp,8,10
tiff,10,10
tivy,10,10
toff,10,10
tomb,8,10
tyke,11,10
ugly,8,10
ulva,7,10
vagi,8,10
vary,10,10
vega,8,10
veld,8,10
vend,8,10
very,10,10
viga,8,10
vigs,8,10
vill,7,10
vogs,8,10
wabs,9,10
wady,11,10
waft,10,10
waif,10,10
waly,10,10
wame,9,10
wany,10,10
waps,9,10
warm,9,10
warp,9,10
wasp,9,10
waws,10,10
webs,9,10
weep,9,10
weft,10,10
wept,9,10
when,10,10
whid,11,10
whin,10,10
wife,10,10
wily,10,10
wing,8,10
winy,10,10
wipe,9,10
wisp,9,10
woof,10,10
worm,9,10
wows,10,10
wrap,9,10
wyle,10,10
wyns,10,10
yaks,11,10
yaup,9,10
yawl,10,10
yawn,10,10
yegg,9,10
yelp,9,10
yerk,11,10
ylem,9,10
yogh,11,10
yoke,11,10
yoks,11,10
yowl,10,10
yuca,9,10
yups,9,10
abye,9,9
abys,9,9
ache,9,9
agly,8,9
agma,7,9
ahem,9,9
akin,8,9
alum,6,9
amah,9,9
arch,9,9
army,9,9
augh,8,9
auks,8,9
avid,8,9
away,10,9
awry,10,9
bags,7,9
baht,9,9
bald,7,9
ball,6,9
band,7,9
bash,9,9
bath,9,9
baud,7,9
bays,9,9
bedu,7,9
begs,7,9
bell,6,9
bend,7,9
berg,7,9
beth,9,9
beys,9,9
bigs,7,9
bill,6,
